"brightness","brightness_t31","radiative_power","dist_road","dist_rail","avg_population"
316.5122362228627,294.20680127523815,24.50684681949285,333.93980476922286,453.74526175124424,49.79435978079209
